Model,Accuracy,Precision,Recall,F1-Score
BM25,0.6,1.0,0.6,0.75
TFIDF,0.7,1.0,0.7,0.8235294117647058
BERT,0.1,1.0,0.1,0.18181818181818182
NB,0.6,1.0,0.6,0.75
